{
  "features" : [ {
    "geometry" : {
      "coordinates" : [ 30.728821999999997, 76.85441949999999 ],
      "type" : "Point"
    },
    "properties" : {
      "name" : "Home"
    },
    "type" : "Feature"
  }, {
    "geometry" : {
      "coordinates" : [ 30.7275903, 76.8446617 ],
      "type" : "Point"
    },
    "properties" : {
      "address" : "Infosys Ltd, Block A and B, Ground Floor, DLF Building, Plot No. 2, Rajiv Gandhi Technology Park, Kishangarh, Chandigarh, 160101, India",
      "name" : "Work"
    },
    "type" : "Feature"
  }, {
    "geometry" : {
      "coordinates" : [ 26.055092799999997, 83.7176526 ],
      "type" : "Point"
    },
    "properties" : {
      "name" : "Shri Bhagwan Yadav Medical Shop"
    },
    "type" : "Feature"
  } ],
  "type" : "FeatureCollection"
}